,KOSPI 200 콜옵션 1811 270.0,,,,,,,,,,,,,,,,,,,,,,
시간,현재가,등락율,등락구분,거래량,체결시간,체결량,체결성향,거래대금,체결강도,미결제약정수량,체결번호,대비,체결매수호가,체결매도호가,체결미결제약정수량,체결우선호가매도건수,체결우선호가매도잔량,체결우선호가매수건수,체결우선호가매수잔량,체결5호가매도건수,체결5호가매도잔량,체결5호가매수건수,체결5호가매수잔량
43391.38795,10.2,-10.92,▼  ,2,43412.38795,2,BB ,5100000,0,1078,1,-1.25,0,0,1078,1,2,1,10,0,0,0,0
43391.38811,10.25,-10.48,▼  ,4,43412.38811,2,BB ,10225000,2,1078,2,-1.2,10.2,10.35,1078,2,3,2,32,6,43,6,102
43391.40676,10.7,-6.55,▼  ,5,43412.40676,1,SS ,12900000,200,1080,3,-0.75,10.55,10.75,1080,3,7,1,1,7,47,6,81
43391.40691,10.75,-6.11,▼  ,6,43412.40691,1,S  ,15588000,100,1080,4,-0.7,10.55,10.75,1080,1,2,1,1,5,42,7,74
43391.41007,10.9,-4.8,▼  ,7,43412.41007,1,SS ,18313000,66.67,1080,5,-0.55,10.7,11,1080,1,2,1,10,5,64,6,90
43391.41589,11.1,-3.06,▼  ,10,43412.41589,3,B  ,26638000,166.67,1081,6,-0.35,11,11.1,1081,2,3,1,1,6,65,6,73
43391.41589,11.1,-3.06,▼  ,11,43412.41589,1,B  ,29413000,200,1081,7,-0.35,11,11.1,1081,1,2,1,1,5,64,6,73
43391.41589,11.1,-3.06,▼  ,12,43412.41589,1,B  ,32188000,233.33,1081,8,-0.35,11,11.1,1081,1,1,1,1,5,63,6,73
43391.41589,11.1,-3.06,▼  ,13,43412.41589,1,B  ,34963000,266.67,1081,9,-0.35,11,11.1,1081,1,1,1,1,5,63,6,73
43391.41744,11.1,-3.06,▼  ,19,43412.41744,6,S  ,51613000,88.89,1087,10,-0.35,11.1,11.2,1087,3,7,1,4,7,69,6,76
43391.41744,11.1,-3.06,▼  ,23,43412.41744,4,S  ,62713000,61.54,1087,11,-0.35,11.1,11.2,1087,3,7,1,4,7,69,6,76
43391.41862,11.1,-3.06,▼  ,24,43412.41862,1,S  ,65488000,57.14,1081,12,-0.35,11.1,11.2,1081,2,6,1,9,6,37,5,99
43391.41862,11.1,-3.06,▼  ,33,43412.41862,9,SS ,90463000,34.78,1081,13,-0.35,10.9,11.2,1081,2,6,1,10,6,37,6,140
43391.42082,10.75,-6.11,▼  ,35,43412.42082,2,B  ,95838000,43.48,1072,14,-0.7,10.6,10.75,1072,1,2,2,3,5,72,7,83
43391.42082,10.75,-6.11,▼  ,37,43412.42082,2,BB ,101213000,52.17,1072,15,-0.7,10.6,10.95,1072,1,10,2,3,5,80,7,83
43391.42413,10.9,-4.8,▼  ,42,43412.42413,5,B  ,114838000,73.91,1076,16,-0.55,10.6,10.95,1076,1,5,3,7,5,67,8,87
43391.43171,10.85,-5.24,▼  ,43,43412.43171,1,BB ,117550000,78.26,1081,17,-0.6,10.75,10.9,1081,1,2,3,7,5,63,9,88
43391.43828,10.65,-6.99,▼  ,46,43412.43828,3,BB ,125538000,91.3,1081,18,-0.8,10.5,10.7,1081,1,2,2,3,5,72,7,74
43391.44684,10.6,-7.42,▼  ,52,43412.44684,6,BB ,141438000,117.39,1084,19,-0.85,10.5,10.65,1084,1,2,3,4,7,76,7,44
43391.45817,10.1,-11.79,▼  ,53,43412.45817,1,SS ,143963000,112.5,1090,20,-1.35,10,10.2,1090,1,2,3,13,5,31,7,53
43391.45833,10,-12.66,▼  ,54,43412.45833,1,SS ,146463000,108,1090,21,-1.45,9.88,10.1,1090,1,4,1,10,6,35,5,65
43391.46075,9.77,-14.67,▼  ,55,43412.46075,1,SS ,148905000,103.85,1089,22,-1.68,9.72,9.84,1089,1,3,1,3,6,38,5,86
43391.46155,9.78,-14.59,▼  ,56,43412.46155,1,BB ,151350000,107.69,1089,23,-1.67,9.7,9.79,1089,1,1,1,3,5,36,5,56
43391.46156,9.79,-14.5,▼  ,57,43412.46156,1,BB ,153798000,111.54,1089,24,-1.66,9.72,9.85,1089,1,3,1,3,5,43,5,56
43391.46374,9.69,-15.37,▼  ,58,43412.46374,1,BB ,156220000,115.38,1091,25,-1.76,9.62,9.7,1091,1,1,1,3,5,28,5,37
43391.46527,9.57,-16.42,▼  ,59,43412.46527,1,BB ,158613000,119.23,1092,26,-1.88,9.44,9.62,1092,2,4,2,5,6,44,6,88
43391.46863,9.7,-15.28,▼  ,67,43412.46863,8,BB ,178013000,150,1093,27,-1.75,9.64,9.78,1093,1,3,2,5,6,46,6,38
43391.47135,9.75,-14.85,▼  ,68,43412.47135,1,SS ,180450000,144.44,1093,28,-1.7,9.7,9.82,1093,1,3,1,3,6,68,5,56
43391.47962,9.8,-14.41,▼  ,69,43412.47962,1,B  ,182900000,148.15,1093,29,-1.65,9.72,9.8,1093,1,1,1,3,6,37,5,17
43391.47984,9.8,-14.41,▼  ,70,43412.47984,1,BB ,185350000,151.85,1093,30,-1.65,9.74,9.85,1093,1,2,2,5,6,38,6,27
43391.48061,9.95,-13.1,▼  ,71,43412.48061,1,BB ,187838000,155.56,1093,31,-1.5,9.88,10,1093,1,2,1,3,7,48,5,36
43391.48231,10.1,-11.79,▼  ,72,43412.48231,1,BB ,190363000,159.26,1094,32,-1.35,9.97,10.15,1094,1,2,2,3,6,82,6,34
43391.48977,10.05,-12.23,▼  ,74,43412.48977,2,BB ,195388000,166.67,1094,33,-1.4,9.92,10.15,1094,1,1,2,3,6,81,6,43
43391.50863,10.05,-12.23,▼  ,75,43412.50863,1,BB ,197900000,170.37,1096,34,-1.4,10,10.2,1096,1,2,1,2,6,73,5,42
43391.52032,9.9,-13.54,▼  ,78,43412.52032,3,BB ,205325000,181.48,1097,35,-1.55,9.8,9.96,1097,1,3,2,5,5,45,6,47
43391.54987,9.81,-14.32,▼  ,81,43412.54987,3,SS ,212683000,163.33,1100,36,-1.64,9.79,9.91,1100,1,2,1,2,6,47,5,44
43391.56492,9.77,-14.67,▼  ,82,43412.56492,1,SS ,215125000,158.06,1102,37,-1.68,9.7,9.82,1102,1,2,1,3,5,28,5,75
43391.57015,9.65,-15.72,▼  ,83,43412.57015,1,SS ,217538000,153.13,1102,38,-1.8,9.6,9.72,1102,1,2,2,5,5,48,6,47
43391.57181,9.63,-15.9,▼  ,86,43412.57181,3,BB ,224760000,162.5,1103,39,-1.82,9.58,9.64,1103,6,20,1,3,10,66,5,45
43391.57181,9.63,-15.9,▼  ,89,43412.57181,3,BB ,231983000,171.88,1103,40,-1.82,9.58,9.64,1103,5,17,1,3,9,63,5,45
43391.57181,9.63,-15.9,▼  ,92,43412.57181,3,BB ,239205000,181.25,1103,41,-1.82,9.58,9.64,1103,4,14,1,3,8,60,5,45
43391.57181,9.63,-15.9,▼  ,96,43412.57181,4,BB ,248835000,193.75,1103,42,-1.82,9.58,9.64,1103,3,10,1,3,7,56,5,45
43391.57181,9.63,-15.9,▼  ,99,43412.57181,3,BB ,256058000,203.13,1103,43,-1.82,9.58,9.64,1103,2,7,1,3,6,53,5,45
43391.57181,9.63,-15.9,▼  ,102,43412.57181,3,BB ,263280000,212.5,1103,44,-1.82,9.58,9.64,1103,1,4,1,3,5,50,5,45
43391.57181,9.63,-15.9,▼  ,106,43412.57181,4,BB ,272910000,225,1103,45,-1.82,9.58,9.72,1103,1,3,1,3,5,56,5,45
43391.57216,9.63,-15.9,▼  ,128,43412.57216,22,B  ,325875000,293.75,1123,46,-1.82,9.56,9.63,1123,1,1,2,5,5,17,6,47
43391.57216,9.63,-15.9,▼  ,129,43412.57216,1,B  ,328283000,296.88,1123,47,-1.82,9.56,9.63,1123,1,1,2,5,5,17,6,47
43391.57233,9.63,-15.9,▼  ,130,43412.57233,1,B  ,330690000,300,1146,48,-1.82,9.58,9.63,1146,7,22,1,3,11,48,5,26
43391.57233,9.63,-15.9,▼  ,152,43412.57233,22,BB ,383655000,368.75,1146,49,-1.82,9.58,9.7,1146,1,3,1,3,5,47,5,26
43391.57247,9.63,-15.9,▼  ,153,43412.57247,1,B  ,386063000,371.88,1168,50,-1.82,9.58,9.63,1168,1,2,1,3,10,37,5,35
43391.57252,9.63,-15.9,▼  ,154,43412.57252,1,B  ,388470000,375,1168,51,-1.82,9.58,9.63,1168,7,21,1,3,11,48,5,45
43391.57252,9.63,-15.9,▼  ,175,43412.57252,21,B  ,439028000,440.63,1168,52,-1.82,9.58,9.63,1168,7,21,1,3,11,67,5,45
43391.57259,9.63,-15.9,▼  ,184,43412.57259,9,B  ,460695000,468.75,1189,53,-1.82,9.58,9.63,1189,5,14,1,3,9,60,5,45
43391.57259,9.63,-15.9,▼  ,193,43412.57259,9,B  ,482363000,496.88,1189,54,-1.82,9.58,9.63,1189,2,5,1,3,6,51,5,45
43391.57259,9.63,-15.9,▼  ,198,43412.57259,5,B  ,494400000,512.5,1189,55,-1.82,9.58,9.63,1189,2,5,1,3,6,51,5,45
43391.57266,9.63,-15.9,▼  ,199,43412.57266,1,B  ,496808000,515.63,1189,56,-1.82,9.58,9.63,1189,1,3,1,3,11,49,5,45
43391.57266,9.63,-15.9,▼  ,202,43412.57266,3,BB ,504030000,525,1189,57,-1.82,9.58,9.64,1189,6,19,1,3,11,67,5,45
43391.57266,9.63,-15.9,▼  ,205,43412.57266,3,BB ,511253000,534.38,1189,58,-1.82,9.58,9.64,1189,5,16,1,3,10,64,5,45
43391.57266,9.63,-15.9,▼  ,208,43412.57266,3,BB ,518475000,543.75,1189,59,-1.82,9.58,9.64,1189,4,13,1,3,9,61,5,45
43391.57266,9.63,-15.9,▼  ,212,43412.57266,4,BB ,528105000,556.25,1189,60,-1.82,9.58,9.64,1189,3,9,1,3,8,57,5,45
43391.57266,9.63,-15.9,▼  ,215,43412.57266,3,BB ,535328000,565.63,1189,61,-1.82,9.58,9.64,1189,2,6,1,3,7,54,5,45
43391.57266,9.63,-15.9,▼  ,218,43412.57266,3,BB ,542550000,575,1189,62,-1.82,9.58,9.64,1189,1,3,1,3,6,51,5,45
43391.57266,9.63,-15.9,▼  ,221,43412.57266,3,BB ,549773000,584.38,1189,63,-1.82,9.58,9.7,1189,2,5,1,3,6,58,5,45
43391.57281,9.63,-15.9,▼  ,222,43412.57281,1,B  ,552180000,587.5,1234,64,-1.82,9.58,9.63,1234,1,2,2,5,10,37,6,47
43391.57281,9.63,-15.9,▼  ,224,43412.57281,2,B  ,556995000,593.75,1234,65,-1.82,9.58,9.63,1234,1,2,2,5,10,37,6,47
43391.57281,9.63,-15.9,▼  ,227,43412.57281,3,BB ,564218000,603.13,1234,66,-1.82,9.58,9.64,1234,5,17,2,5,9,44,6,47
43391.57281,9.63,-15.9,▼  ,230,43412.57281,3,BB ,571440000,612.5,1234,67,-1.82,9.58,9.64,1234,4,14,2,5,8,41,6,47
43391.57281,9.63,-15.9,▼  ,234,43412.57281,4,BB ,581070000,625,1234,68,-1.82,9.58,9.64,1234,3,10,2,5,7,37,6,47
43391.57281,9.63,-15.9,▼  ,237,43412.57281,3,BB ,588293000,634.38,1234,69,-1.82,9.58,9.64,1234,2,7,2,5,6,34,6,47
43391.57281,9.63,-15.9,▼  ,240,43412.57281,3,BB ,595515000,643.75,1234,70,-1.82,9.58,9.64,1234,1,4,2,5,5,31,6,47
43391.57281,9.63,-15.9,▼  ,243,43412.57281,3,B  ,602738000,653.13,1234,71,-1.82,9.58,9.63,1234,1,1,2,5,5,28,6,47
43391.57281,9.63,-15.9,▼  ,244,43412.57281,1,B  ,605145000,656.25,1234,72,-1.82,9.58,9.63,1234,1,1,2,5,5,28,6,47
43391.57289,9.63,-15.9,▼  ,245,43412.57289,1,B  ,607553000,659.38,1256,73,-1.82,9.58,9.63,1256,1,3,1,3,11,49,5,45
43391.57291,9.63,-15.9,▼  ,257,43412.57291,12,B  ,636443000,696.88,1256,74,-1.82,9.58,9.63,1256,4,10,1,3,8,37,5,35
43391.57291,9.63,-15.9,▼  ,267,43412.57291,10,B  ,660518000,728.13,1256,75,-1.82,9.58,9.63,1256,4,10,1,3,8,37,5,35
43391.57306,9.63,-15.9,▼  ,268,43412.57306,1,B  ,662925000,731.25,1279,76,-1.82,9.56,9.63,1279,7,22,1,3,11,68,5,45
43391.57306,9.63,-15.9,▼  ,275,43412.57306,7,B  ,679778000,753.13,1279,77,-1.82,9.56,9.63,1279,5,15,1,3,9,61,5,45
43391.57306,9.63,-15.9,▼  ,282,43412.57306,7,B  ,696630000,775,1279,78,-1.82,9.56,9.63,1279,3,8,1,3,7,54,5,45
43391.57306,9.63,-15.9,▼  ,290,43412.57306,8,B  ,715890000,800,1279,79,-1.82,9.56,9.63,1279,3,8,1,3,7,54,5,45
43391.57615,9.66,-15.63,▼  ,291,43412.57615,1,B  ,718305000,803.13,1302,80,-1.79,9.61,9.66,1302,1,2,1,3,16,50,5,35
43391.57615,9.66,-15.63,▼  ,293,43412.57615,2,B  ,723135000,809.38,1302,81,-1.79,9.61,9.66,1302,1,2,1,3,16,50,5,35
43391.57615,9.66,-15.63,▼  ,296,43412.57615,3,BB ,730380000,818.75,1302,82,-1.79,9.61,9.67,1302,5,17,1,3,15,55,5,35
43391.57615,9.66,-15.63,▼  ,299,43412.57615,3,BB ,737625000,828.13,1302,83,-1.79,9.61,9.67,1302,4,14,1,3,14,52,5,35
43391.57615,9.66,-15.63,▼  ,303,43412.57615,4,BB ,747285000,840.63,1302,84,-1.79,9.61,9.67,1302,3,10,1,3,13,48,5,35
43391.57615,9.66,-15.63,▼  ,306,43412.57615,3,BB ,754530000,850,1302,85,-1.79,9.61,9.67,1302,2,7,1,3,12,45,5,35
43391.57615,9.66,-15.63,▼  ,308,43412.57615,2,B  ,759360000,856.25,1302,86,-1.79,9.61,9.66,1302,1,1,1,3,11,41,5,35
43391.57624,9.66,-15.63,▼  ,313,43412.57624,5,BB ,771435000,871.88,1320,87,-1.79,9.61,9.73,1320,2,5,2,5,12,60,6,47
43391.57708,9.7,-15.28,▼  ,314,43412.57708,1,SS ,773860000,845.45,1325,88,-1.75,9.64,9.75,1325,8,25,1,3,12,60,5,35
43391.57966,9.75,-14.85,▼  ,328,43412.57966,14,B  ,807985000,887.88,1325,89,-1.7,9.7,9.75,1325,3,9,1,3,7,36,6,27
43391.57966,9.75,-14.85,▼  ,336,43412.57966,8,B  ,827485000,912.12,1325,90,-1.7,9.7,9.75,1325,1,1,1,3,5,28,6,27
43391.57966,9.75,-14.85,▼  ,337,43412.57966,1,B  ,829923000,915.15,1325,91,-1.7,9.7,9.75,1325,1,1,1,3,5,28,6,27
43391.58177,9.66,-15.63,▼  ,343,43412.58177,6,B  ,844413000,933.33,1348,92,-1.79,9.6,9.66,1348,5,17,1,3,15,46,5,35
43391.58177,9.65,-15.72,▼  ,345,43412.58177,2,B  ,849238000,939.39,1348,93,-1.8,9.6,9.65,1348,1,2,1,3,14,42,5,35
43391.58177,9.65,-15.72,▼  ,347,43412.58177,2,B  ,854063000,945.45,1348,94,-1.8,9.6,9.65,1348,1,2,1,3,14,42,5,35
43391.58177,9.65,-15.72,▼  ,350,43412.58177,3,BB ,861300000,954.55,1348,95,-1.8,9.6,9.66,1348,3,10,1,3,13,47,5,35
43391.58177,9.65,-15.72,▼  ,353,43412.58177,3,BB ,868538000,963.64,1348,96,-1.8,9.6,9.66,1348,2,7,1,3,12,44,5,35
43391.58177,9.65,-15.72,▼  ,357,43412.58177,4,BB ,878188000,975.76,1348,97,-1.8,9.6,9.66,1348,1,3,1,3,11,40,5,35
43391.58177,9.65,-15.72,▼  ,360,43412.58177,3,BB ,885425000,984.85,1348,98,-1.8,9.6,9.74,1348,1,3,1,3,11,49,5,35
43391.58205,9.77,-14.67,▼  ,361,43412.58205,1,B  ,887868000,987.88,1371,99,-1.68,9.7,9.77,1371,7,22,1,3,12,59,5,35
43391.58205,9.77,-14.67,▼  ,383,43412.58205,22,B  ,941603000,1054.55,1371,100,-1.68,9.7,9.77,1371,7,22,1,3,11,49,5,35
43391.58361,9.73,-15.02,▼  ,384,43412.58361,1,SS ,944035000,1023.53,1394,101,-1.72,9.7,9.8,1394,1,3,1,1,5,28,5,34
43391.5837,9.7,-15.28,▼  ,385,43412.5837,1,SS ,946460000,994.29,1394,102,-1.75,9.66,9.78,1394,1,3,1,3,5,28,5,45
43391.58742,9.67,-15.55,▼  ,386,43412.58742,1,SS ,948878000,966.67,1394,103,-1.78,9.66,9.72,1394,7,23,1,1,11,58,5,31
43391.58751,9.66,-15.63,▼  ,387,43412.58751,1,SS ,951293000,940.54,1394,104,-1.79,9.61,9.68,1394,7,23,1,3,11,50,5,32
43391.58765,9.68,-15.46,▼  ,410,43412.58765,23,BB ,1006953000,1002.7,1394,105,-1.77,9.61,9.77,1394,1,3,1,3,6,96,5,23
43391.58802,9.69,-15.37,▼  ,413,43412.58802,3,BB ,1014220000,1010.81,1417,106,-1.76,9.65,9.7,1417,6,20,1,1,10,47,5,21
43391.58802,9.69,-15.37,▼  ,416,43412.58802,3,B  ,1021488000,1018.92,1417,107,-1.76,9.65,9.7,1417,1,3,1,1,9,35,5,21
43391.58802,9.69,-15.37,▼  ,419,43412.58802,3,BB ,1028755000,1027.03,1417,108,-1.76,9.65,9.7,1417,4,14,1,1,8,41,6,81
43391.58803,9.69,-15.37,▼  ,423,43412.58803,4,BB ,1038445000,1037.84,1417,109,-1.76,9.65,9.7,1417,3,10,1,1,7,37,6,81
43391.58803,9.69,-15.37,▼  ,426,43412.58803,3,BB ,1045713000,1045.95,1417,110,-1.76,9.65,9.7,1417,2,7,1,1,6,34,6,81
43391.58803,9.69,-15.37,▼  ,429,43412.58803,3,BB ,1052980000,1054.05,1417,111,-1.76,9.65,9.7,1417,1,4,1,1,5,31,6,81
43391.58803,9.69,-15.37,▼  ,433,43412.58803,4,BB ,1062670000,1064.86,1417,112,-1.76,9.65,9.76,1417,1,2,1,1,5,37,6,81
43391.5883,9.69,-15.37,▼  ,436,43412.5883,3,B  ,1069938000,1072.97,1440,113,-1.76,9.65,9.76,1440,1,3,1,1,10,29,6,81
43391.5883,9.69,-15.37,▼  ,439,43412.5883,3,BB ,1077205000,1081.08,1440,114,-1.76,9.67,9.7,1440,5,17,1,1,9,33,6,81
43391.58831,9.69,-15.37,▼  ,446,43412.58831,7,B  ,1094163000,1100,1440,115,-1.76,9.67,9.69,1440,3,10,1,1,7,26,7,93
43391.58831,9.69,-15.37,▼  ,453,43412.58831,7,B  ,1111120000,1118.92,1440,116,-1.76,9.67,9.69,1440,1,3,1,1,5,19,7,93
43391.58831,9.69,-15.37,▼  ,456,43412.58831,3,B  ,1118388000,1127.03,1440,117,-1.76,9.67,9.69,1440,1,3,1,1,5,19,7,93
43391.58877,9.73,-15.02,▼  ,457,43412.58877,1,SS ,1120820000,1097.37,1463,118,-1.72,9.68,9.8,1463,2,5,1,3,7,98,7,101
43391.58972,9.92,-13.36,▼  ,458,43412.58972,1,SS ,1123300000,1069.23,1463,119,-1.53,9.87,10.05,1463,2,5,1,3,6,47,6,67
43391.59028,9.98,-12.84,▼  ,481,43412.59028,23,B  ,1180685000,1128.21,1463,120,-1.47,9.87,10.05,1463,7,23,2,3,12,60,6,68
43391.59045,9.95,-13.1,▼  ,482,43412.59045,1,SS ,1183173000,1100,1486,121,-1.5,9.9,10,1486,7,23,1,3,11,50,5,67
43391.59083,9.91,-13.45,▼  ,483,43412.59083,1,SS ,1185650000,1073.17,1486,122,-1.54,9.86,9.97,1486,1,2,1,3,11,50,5,67
43391.59199,9.85,-13.97,▼  ,484,43412.59199,1,BB ,1188113000,1075.61,1486,123,-1.6,9.78,9.89,1486,1,2,2,5,11,50,6,77
43391.59221,9.84,-14.06,▼  ,485,43412.59221,1,BB ,1190573000,1078.05,1487,124,-1.61,9.76,9.9,1487,2,4,2,5,12,59,6,77
43391.59243,9.84,-14.06,▼  ,486,43412.59243,1,BB ,1193033000,1080.49,1488,125,-1.61,9.8,9.9,1488,1,2,1,3,11,50,5,67
43391.59259,9.81,-14.32,▼  ,487,43412.59259,1,BB ,1195485000,1082.93,1489,126,-1.64,9.74,9.86,1489,1,2,2,5,11,50,6,77
43391.59302,9.81,-14.32,▼  ,488,43412.59302,1,BB ,1197938000,1085.37,1490,127,-1.64,9.74,9.86,1490,1,2,2,5,11,50,6,77
43391.59319,9.81,-14.32,▼  ,489,43412.59319,1,BB ,1200390000,1087.8,1491,128,-1.64,9.74,9.86,1491,1,2,2,5,11,50,6,77
43391.59332,9.79,-14.5,▼  ,490,43412.59332,1,BB ,1202838000,1090.24,1492,129,-1.66,9.74,9.85,1492,1,2,1,3,11,50,5,67
43391.59339,9.81,-14.32,▼  ,491,43412.59339,1,BB ,1205290000,1092.68,1493,130,-1.64,9.75,9.89,1493,1,3,1,1,11,58,5,28
43391.59407,9.75,-14.85,▼  ,492,43412.59407,1,SS ,1207728000,1066.67,1494,131,-1.7,9.69,9.82,1494,1,2,1,3,11,39,5,75
43391.60043,9.68,-15.46,▼  ,512,43412.60043,20,B  ,1256128000,1114.29,1494,132,-1.77,9.59,9.68,1494,1,3,2,5,5,24,7,47
43391.60043,9.68,-15.46,▼  ,515,43412.60043,3,B  ,1263388000,1121.43,1494,133,-1.77,9.59,9.68,1494,1,3,2,5,5,24,7,47
43391.60075,9.69,-15.37,▼  ,519,43412.60075,4,B  ,1273078000,1130.95,1517,134,-1.76,9.59,9.68,1517,1,4,1,3,10,33,5,25
43391.60075,9.69,-15.37,▼  ,522,43412.60075,3,BB ,1280345000,1138.1,1517,135,-1.76,9.65,9.7,1517,5,16,1,3,9,38,5,25
43391.60075,9.69,-15.37,▼  ,525,43412.60075,3,BB ,1287613000,1145.24,1517,136,-1.76,9.65,9.7,1517,4,13,1,3,8,35,5,25
43391.60075,9.69,-15.37,▼  ,529,43412.60075,4,BB ,1297303000,1154.76,1517,137,-1.76,9.65,9.7,1517,3,9,1,3,7,31,5,25
43391.60075,9.69,-15.37,▼  ,531,43412.60075,2,B  ,1302148000,1159.52,1517,138,-1.76,9.65,9.69,1517,1,1,1,3,6,17,5,25
43391.60075,9.69,-15.37,▼  ,532,43412.60075,1,B  ,1304570000,1161.9,1517,139,-1.76,9.65,9.69,1517,1,1,1,3,6,17,5,25
43391.60075,9.69,-15.37,▼  ,535,43412.60075,3,BB ,1311838000,1169.05,1517,140,-1.76,9.65,9.7,1517,1,3,1,3,5,25,5,25
43391.60075,9.69,-15.37,▼  ,538,43412.60075,3,BB ,1319105000,1176.19,1517,141,-1.76,9.65,9.74,1517,1,2,1,3,5,32,5,25
43391.60311,9.47,-17.29,▼  ,543,43412.60311,5,SS ,1330943000,1051.06,1540,142,-1.98,9.42,9.55,1540,1,3,1,3,11,32,5,68
43391.6052,9.5,-17.03,▼  ,544,43412.6052,1,BB ,1333318000,1053.19,1540,143,-1.95,9.42,9.55,1540,1,2,2,5,11,43,6,31
43391.60677,9.46,-17.38,▼  ,548,43412.60677,4,BB ,1342778000,1061.7,1541,144,-1.99,9.41,9.47,1541,6,19,1,3,17,51,5,30
43391.60677,9.46,-17.38,▼  ,551,43412.60677,3,B  ,1349873000,1068.09,1541,145,-1.99,9.41,9.47,1541,1,3,1,3,10,28,5,30
43391.60677,9.46,-17.38,▼  ,554,43412.60677,3,B  ,1356968000,1074.47,1541,146,-1.99,9.41,9.47,1541,1,3,1,3,9,25,5,30
43391.60677,9.46,-17.38,▼  ,558,43412.60677,4,B  ,1366428000,1082.98,1541,147,-1.99,9.41,9.47,1541,1,4,1,3,8,22,5,30
43391.60677,9.46,-17.38,▼  ,561,43412.60677,3,BB ,1373523000,1089.36,1541,148,-1.99,9.41,9.47,1541,2,6,1,3,13,38,5,30
43391.60677,9.46,-17.38,▼  ,564,43412.60677,3,BB ,1380618000,1095.74,1541,149,-1.99,9.41,9.47,1541,1,3,1,3,12,35,5,30
43391.60677,9.46,-17.38,▼  ,567,43412.60677,3,BB ,1387713000,1102.13,1541,150,-1.99,9.41,9.51,1541,1,2,1,3,12,44,5,30
43391.60696,9.5,-17.03,▼  ,576,43412.60696,9,B  ,1409088000,1121.28,1564,151,-1.95,9.43,9.5,1564,4,14,2,5,14,45,6,31
43391.60696,9.5,-17.03,▼  ,590,43412.60696,14,B  ,1442338000,1151.06,1564,152,-1.95,9.43,9.5,1564,4,14,2,5,14,45,6,31
43391.60903,9.38,-18.08,▼  ,593,43412.60903,3,BB ,1449373000,1157.45,1587,153,-2.07,9.32,9.39,1587,6,20,2,5,10,40,6,81
43391.60903,9.38,-18.08,▼  ,596,43412.60903,3,BB ,1456408000,1163.83,1587,154,-2.07,9.32,9.39,1587,5,17,2,5,9,37,6,81
43391.60903,9.38,-18.08,▼  ,599,43412.60903,3,BB ,1463443000,1170.21,1587,155,-2.07,9.32,9.39,1587,4,14,2,5,8,34,6,81
43391.60903,9.38,-18.08,▼  ,603,43412.60903,4,BB ,1472823000,1178.72,1587,156,-2.07,9.32,9.39,1587,3,10,2,5,7,30,6,81
43391.60903,9.38,-18.08,▼  ,606,43412.60903,3,BB ,1479858000,1185.11,1587,157,-2.07,9.32,9.39,1587,2,7,2,5,6,27,6,81
43391.60903,9.38,-18.08,▼  ,609,43412.60903,3,B  ,1486893000,1191.49,1587,158,-2.07,9.32,9.39,1587,1,3,2,5,5,15,6,81
43391.60903,9.38,-18.08,▼  ,613,43412.60903,4,BB ,1496273000,1200,1587,159,-2.07,9.32,9.44,1587,1,2,2,5,11,43,6,81
43391.60916,9.39,-17.99,▼  ,617,43412.60916,4,BB ,1505663000,1208.51,1610,160,-2.06,9.34,9.4,1610,6,19,2,5,17,62,6,61
43391.60916,9.39,-17.99,▼  ,620,43412.60916,3,BB ,1512705000,1214.89,1610,161,-2.06,9.34,9.4,1610,5,16,2,5,16,59,6,61
43391.60916,9.39,-17.99,▼  ,623,43412.60916,3,BB ,1519748000,1221.28,1610,162,-2.06,9.34,9.4,1610,4,13,2,5,15,56,6,61
43391.60916,9.39,-17.99,▼  ,626,43412.60916,3,B  ,1526790000,1227.66,1610,163,-2.06,9.34,9.39,1610,1,1,2,5,8,30,6,61
43391.60916,9.39,-17.99,▼  ,627,43412.60916,1,B  ,1529138000,1229.79,1610,164,-2.06,9.34,9.39,1610,1,1,2,5,8,30,6,61
43391.60916,9.39,-17.99,▼  ,630,43412.60916,3,BB ,1536180000,1236.17,1610,165,-2.06,9.34,9.4,1610,2,6,2,5,6,26,6,61
43391.60916,9.39,-17.99,▼  ,633,43412.60916,3,BB ,1543223000,1242.55,1610,166,-2.06,9.34,9.4,1610,1,3,2,5,5,23,6,61
43391.60916,9.39,-17.99,▼  ,636,43412.60916,3,BB ,1550265000,1248.94,1610,167,-2.06,9.34,9.45,1610,1,2,2,5,11,43,6,61
43391.61005,9.39,-17.99,▼  ,659,43412.61005,23,B  ,1604258000,1297.87,1633,168,-2.06,9.34,9.45,1633,7,23,1,3,17,64,6,61
43391.613,9.31,-18.69,▼  ,665,43412.613,6,B  ,1618223000,1310.64,1656,169,-2.14,9.26,9.31,1656,5,17,1,3,9,36,5,60
43391.61392,9.31,-18.69,▼  ,682,43412.61392,17,BB ,1657790000,1346.81,1662,170,-2.14,9.24,9.38,1662,1,3,1,1,11,42,5,59
43391.6144,9.4,-17.9,▼  ,683,43412.6144,1,BB ,1660140000,1348.94,1679,171,-2.05,9.33,9.45,1679,1,2,2,5,11,43,6,61
43391.61464,9.44,-17.55,▼  ,706,43412.61464,23,BB ,1714420000,1397.87,1680,172,-2.01,9.37,9.5,1680,1,3,1,3,11,62,5,60
43391.61492,9.44,-17.55,▼  ,710,43412.61492,4,BB ,1723860000,1406.38,1703,173,-2.01,9.37,9.45,1703,6,19,1,3,16,60,5,60
43391.61492,9.44,-17.55,▼  ,713,43412.61492,3,BB ,1730940000,1412.77,1703,174,-2.01,9.37,9.45,1703,5,16,2,4,15,57,6,61
43391.61495,9.44,-17.55,▼  ,729,43412.61495,16,BB ,1768700000,1446.81,1703,175,-2.01,9.37,9.49,1703,1,2,2,5,11,43,6,81
43391.61541,9.45,-17.47,▼  ,735,43412.61541,6,B  ,1782875000,1459.57,1726,176,-2,9.38,9.45,1726,5,17,4,9,9,26,8,85
43391.61541,9.45,-17.47,▼  ,752,43412.61541,17,B  ,1823038000,1495.74,1726,177,-2,9.38,9.45,1726,5,17,4,9,9,26,8,85
43391.61588,9.45,-17.47,▼  ,756,43412.61588,4,BB ,1832488000,1504.26,1749,178,-2,9.4,9.46,1749,6,19,2,5,10,28,6,81
43391.61588,9.45,-17.47,▼  ,759,43412.61588,3,BB ,1839575000,1510.64,1749,179,-2,9.4,9.46,1749,5,16,2,5,9,25,6,81
43391.61588,9.45,-17.47,▼  ,762,43412.61588,3,BB ,1846663000,1517.02,1749,180,-2,9.4,9.46,1749,4,13,2,5,8,22,6,81
43391.61588,9.45,-17.47,▼  ,766,43412.61588,4,BB ,1856113000,1525.53,1749,181,-2,9.4,9.46,1749,3,9,2,5,7,18,6,81
43391.61588,9.45,-17.47,▼  ,769,43412.61588,3,BB ,1863200000,1531.91,1749,182,-2,9.4,9.46,1749,2,6,2,5,6,15,6,81
43391.61588,9.45,-17.47,▼  ,772,43412.61588,3,BB ,1870288000,1538.3,1749,183,-2,9.4,9.46,1749,1,3,2,5,5,12,6,81
43391.61588,9.45,-17.47,▼  ,775,43412.61588,3,BB ,1877375000,1544.68,1749,184,-2,9.4,9.52,1749,1,2,2,5,5,21,6,81
43391.6163,9.51,-16.94,▼  ,779,43412.6163,4,BB ,1886885000,1553.19,1772,185,-1.94,9.46,9.52,1772,6,19,1,3,16,50,5,21
43391.6163,9.51,-16.94,▼  ,782,43412.6163,3,B  ,1894018000,1559.57,1772,186,-1.94,9.46,9.52,1772,1,3,1,3,9,27,5,21
43391.6163,9.51,-16.94,▼  ,783,43412.6163,1,B  ,1896395000,1561.7,1772,187,-1.94,9.46,9.51,1772,1,2,1,3,14,44,5,21
43391.6163,9.51,-16.94,▼  ,785,43412.6163,2,B  ,1901150000,1565.96,1772,188,-1.94,9.46,9.51,1772,1,2,1,3,14,44,5,21
43391.6163,9.51,-16.94,▼  ,787,43412.6163,2,B  ,1905905000,1570.21,1772,189,-1.94,9.46,9.51,1772,1,2,1,3,13,40,5,21
43391.6163,9.51,-16.94,▼  ,789,43412.6163,2,B  ,1910660000,1574.47,1772,190,-1.94,9.46,9.51,1772,1,2,1,3,13,40,5,21
43391.6163,9.51,-16.94,▼  ,792,43412.6163,3,BB ,1917793000,1580.85,1772,191,-1.94,9.46,9.52,1772,2,6,1,3,12,47,5,21
43391.6163,9.51,-16.94,▼  ,795,43412.6163,3,BB ,1924925000,1587.23,1772,192,-1.94,9.46,9.52,1772,1,3,1,3,11,44,5,21
43391.6163,9.51,-16.94,▼  ,798,43412.6163,3,BB ,1932058000,1593.62,1772,193,-1.94,9.46,9.59,1772,1,3,1,3,11,62,5,21
43391.61856,9.55,-16.59,▼  ,821,43412.61856,23,BB ,1986970000,1642.55,1795,194,-1.9,9.48,9.61,1795,1,3,2,5,11,81,6,61
43391.61883,9.52,-16.86,▼  ,825,43412.61883,4,B  ,1996490000,1651.06,1818,195,-1.93,9.48,9.61,1818,1,4,2,5,10,31,6,81
43391.61883,9.52,-16.86,▼  ,828,43412.61883,3,B  ,2003630000,1657.45,1818,196,-1.93,9.48,9.61,1818,1,3,2,5,9,27,6,81
43391.61883,9.52,-16.86,▼  ,831,43412.61883,3,BB ,2010770000,1663.83,1818,197,-1.93,9.46,9.53,1818,4,13,2,5,14,44,6,81
43391.61883,9.52,-16.86,▼  ,835,43412.61883,4,BB ,2020290000,1672.34,1818,198,-1.93,9.46,9.53,1818,3,9,2,5,13,40,6,81
43391.61883,9.52,-16.86,▼  ,836,43412.61883,1,B  ,2022670000,1674.47,1818,199,-1.93,9.46,9.52,1818,1,2,2,5,6,16,6,81
43391.61883,9.52,-16.86,▼  ,838,43412.61883,2,BB ,2027430000,1678.72,1818,200,-1.93,9.46,9.53,1818,2,6,2,5,12,37,6,81
43391.61884,9.52,-16.86,▼  ,841,43412.61884,3,B  ,2034570000,1685.11,1818,201,-1.93,9.46,9.52,1818,1,3,2,5,11,34,6,81
43391.61884,9.52,-16.86,▼  ,844,43412.61884,3,BB ,2041710000,1691.49,1818,202,-1.93,9.46,9.57,1818,1,2,2,5,11,43,6,81
43391.62301,9.47,-17.29,▼  ,847,43412.62301,3,BB ,2048813000,1697.87,1841,203,-1.98,9.43,9.48,1841,6,20,2,5,10,29,6,22
43391.62301,9.47,-17.29,▼  ,850,43412.62301,3,B  ,2055915000,1704.26,1841,204,-1.98,9.43,9.48,1841,1,3,2,5,9,26,6,22
43391.62301,9.47,-17.29,▼  ,853,43412.62301,3,BB ,2063018000,1710.64,1841,205,-1.98,9.43,9.48,1841,4,14,2,5,8,23,6,22
43391.62301,9.47,-17.29,▼  ,857,43412.62301,4,BB ,2072488000,1719.15,1841,206,-1.98,9.43,9.48,1841,3,10,2,5,7,19,6,22
43391.62301,9.47,-17.29,▼  ,860,43412.62301,3,BB ,2079590000,1725.53,1841,207,-1.98,9.43,9.48,1841,2,7,2,5,6,16,6,22
43391.62301,9.47,-17.29,▼  ,863,43412.62301,3,BB ,2086693000,1731.91,1841,208,-1.98,9.43,9.48,1841,1,4,2,5,5,13,6,22
43391.62301,9.47,-17.29,▼  ,867,43412.62301,4,BB ,2096163000,1740.43,1841,209,-1.98,9.43,9.54,1841,1,2,2,5,5,21,6,22
43391.62324,9.47,-17.29,▼  ,870,43412.62324,3,BB ,2103265000,1746.81,1864,210,-1.98,9.43,9.48,1864,6,20,1,3,10,29,5,21
43391.62324,9.47,-17.29,▼  ,873,43412.62324,3,B  ,2110368000,1753.19,1864,211,-1.98,9.43,9.48,1864,1,3,1,3,9,26,5,21
43391.62324,9.47,-17.29,▼  ,876,43412.62324,3,BB ,2117470000,1759.57,1864,212,-1.98,9.43,9.48,1864,4,14,1,3,8,23,5,21
43391.62324,9.47,-17.29,▼  ,880,43412.62324,4,BB ,2126940000,1768.09,1864,213,-1.98,9.43,9.48,1864,3,10,1,3,7,19,5,21
43391.62324,9.47,-17.29,▼  ,881,43412.62324,1,B  ,2129308000,1770.21,1864,214,-1.98,9.43,9.47,1864,1,2,1,3,6,15,5,21
43391.62324,9.47,-17.29,▼  ,883,43412.62324,2,B  ,2134043000,1774.47,1864,215,-1.98,9.43,9.47,1864,1,2,1,3,6,15,5,21
43391.62324,9.47,-17.29,▼  ,886,43412.62324,3,BB ,2141145000,1780.85,1864,216,-1.98,9.43,9.48,1864,1,4,1,3,5,13,5,21
43391.62324,9.47,-17.29,▼  ,890,43412.62324,4,BB ,2150615000,1789.36,1864,217,-1.98,9.43,9.53,1864,1,2,1,3,5,21,5,21
43391.62341,9.47,-17.29,▼  ,894,43412.62341,4,BB ,2160085000,1797.87,1887,218,-1.98,9.43,9.48,1887,6,19,1,3,10,39,5,59
43391.62341,9.47,-17.29,▼  ,897,43412.62341,3,BB ,2167188000,1804.26,1887,219,-1.98,9.43,9.48,1887,5,16,1,3,9,36,5,59
43391.62341,9.47,-17.29,▼  ,900,43412.62341,3,BB ,2174290000,1810.64,1887,220,-1.98,9.43,9.48,1887,4,13,1,3,14,54,5,59
43391.62341,9.47,-17.29,▼  ,904,43412.62341,4,BB ,2183760000,1819.15,1887,221,-1.98,9.43,9.48,1887,3,9,1,3,13,50,5,59
43391.62341,9.47,-17.29,▼  ,907,43412.62341,3,BB ,2190863000,1825.53,1887,222,-1.98,9.43,9.48,1887,2,6,1,3,12,47,5,59
43391.62341,9.47,-17.29,▼  ,910,43412.62341,3,BB ,2197965000,1831.91,1887,223,-1.98,9.43,9.48,1887,1,3,1,3,11,44,5,59
43391.62341,9.47,-17.29,▼  ,913,43412.62341,3,BB ,2205068000,1838.3,1887,224,-1.98,9.43,9.55,1887,1,3,1,3,11,81,5,59
43391.62412,9.47,-17.29,▼  ,936,43412.62412,23,BB ,2259520000,1887.23,1910,225,-1.98,9.41,9.5,1910,1,2,1,3,11,43,5,60
43391.63466,9.44,-17.55,▼  ,939,43412.63466,3,BB ,2266600000,1893.62,1933,226,-2.01,9.39,9.45,1933,6,20,1,2,17,63,5,19
43391.63466,9.44,-17.55,▼  ,942,43412.63466,3,BB ,2273680000,1900,1933,227,-2.01,9.39,9.45,1933,5,17,1,2,16,60,5,19
43391.63505,9.41,-17.82,▼  ,946,43412.63505,4,BB ,2283090000,1908.51,1939,228,-2.04,9.36,9.42,1939,4,13,1,3,15,56,5,68
43391.63505,9.41,-17.82,▼  ,949,43412.63505,3,B  ,2290148000,1914.89,1939,229,-2.04,9.36,9.42,1939,1,3,1,3,7,21,5,68
43391.63505,9.41,-17.82,▼  ,952,43412.63505,3,BB ,2297205000,1921.28,1939,230,-2.04,9.36,9.42,1939,2,7,1,3,13,50,5,68
43391.63505,9.41,-17.82,▼  ,956,43412.63505,4,B  ,2306615000,1929.79,1939,231,-2.04,9.36,9.42,1939,1,4,1,3,5,15,5,68
43391.63505,9.41,-17.82,▼  ,959,43412.63505,3,BB ,2313673000,1936.17,1939,232,-2.04,9.36,9.47,1939,1,2,1,3,12,83,5,68
43391.6351,9.38,-18.08,▼  ,962,43412.6351,3,SS ,2320708000,1820,1939,233,-2.07,9.37,9.49,1939,2,6,1,2,13,87,5,67
43391.63612,9.35,-18.34,▼  ,963,43412.63612,1,BB ,2323045000,1822,1956,234,-2.1,9.3,9.38,1956,7,23,1,3,11,32,5,30
43391.63661,9.39,-17.99,▼  ,964,43412.63661,1,B  ,2325393000,1824,1957,235,-2.06,9.32,9.39,1957,7,22,1,3,11,31,5,30
43391.63662,9.39,-17.99,▼  ,975,43412.63662,11,B  ,2351215000,1846,1957,236,-2.06,9.32,9.39,1957,4,11,1,3,15,53,5,30
43391.63662,9.39,-17.99,▼  ,986,43412.63662,11,B  ,2377038000,1868,1957,237,-2.06,9.32,9.39,1957,4,11,1,3,15,53,5,30
43391.63721,9.36,-18.25,▼  ,1008,43412.63721,22,B  ,2428518000,1912,1979,238,-2.09,9.3,9.36,1979,1,1,2,7,12,82,6,34
43391.63721,9.36,-18.25,▼  ,1009,43412.63721,1,B  ,2430858000,1914,1979,239,-2.09,9.3,9.36,1979,1,1,2,7,12,82,6,34
43391.64846,9.42,-17.73,▼  ,1032,43412.64846,23,B  ,2485023000,1960,2002,240,-2.03,9.3,9.36,2002,7,23,1,3,18,66,5,60
